id,created_at,text
1196164395774009344,2019-11-17 20:33:10,b'RT @realDonaldTrump: Where is the Fake Whistleblower?'
1196164265541025792,2019-11-17 20:32:39,b'RT @realDonaldTrump: https://t.co/ru2n7i2gzu'
1196164159399964674,2019-11-17 20:32:13,"b'RT @realDonaldTrump: Republicans &amp; others must remember, the Ukrainian President and Foreign Minister both said that there was no pressure\xe2\x80\xa6'"
1196164037941321735,2019-11-17 20:31:44,"b'RT @realDonaldTrump: Tell Jennifer Williams, whoever that is, to read BOTH transcripts of the presidential calls, &amp; see the just released s\xe2\x80\xa6'"
1196164037916139521,2019-11-17 20:31:44,"b'RT @realDonaldTrump: The Crazed, Do Nothing Democrats are turning Impeachment into a routine partisan weapon. That is very bad for our Coun\xe2\x80\xa6'"
1196163908500897793,2019-11-17 20:31:14,b'RT @realDonaldTrump: https://t.co/I3lO117SVh'
1196154638162104320,2019-11-17 19:54:23,"b'RT @realDonaldTrump: .@SteveScalise blew the nasty &amp; obnoxious Chris Wallace (will never be his father, Mike!) away on Chris\xe2\x80\x99s lowest rated\xe2\x80\xa6'"
1196154638124437505,2019-11-17 19:54:23,b'RT @realDonaldTrump: Paul Krugman of @nytimes has been wrong about me from the very beginning. Anyone who has followed his \xe2\x80\x9cwords of wisdom\xe2\x80\xa6'
1196132899797553152,2019-11-17 18:28:01,b'RT @realDonaldTrump: https://t.co/nJBvFD1fGD'
1196132764237602817,2019-11-17 18:27:28,b'RT @realDonaldTrump: https://t.co/N6jsblFuMc'
1196125096735318017,2019-11-17 17:57:00,b'RT @realDonaldTrump: https://t.co/8bPq1Oy71z'
1196122719001153536,2019-11-17 17:47:33,b'RT @realDonaldTrump: Paul Krugman has called me wrong from day one. People at the Failing New York Times are very angry at him for having \xe2\x80\x9c\xe2\x80\xa6'
1196122239655124993,2019-11-17 17:45:39,b'RT @realDonaldTrump: https://t.co/z0I7wBsgTP'
1196083615584673793,2019-11-17 15:12:10,"b'RT @realDonaldTrump: .@MariaBartiromo has a GREAT show going on right now, 10:00 A.M. Fantastic guests talk about the Fake Impeachment!  @F\xe2\x80\xa6'"
1196075381163466752,2019-11-17 14:39:27,"b'RT @realDonaldTrump: Dowd never understood the pulse of the Republican Party, present or past. He\xe2\x80\x99s just a 3rd rate hit job for Fake News @\xe2\x80\xa6'"
1196062036981112836,2019-11-17 13:46:26,b'RT @realDonaldTrump: Thank you Pete. Our great warfighters must be allowed to fight. I would not have done this for Sgt. Bergdahl or Chelse\xe2\x80\xa6'
1196041391706722304,2019-11-17 12:24:23,b'RT @realDonaldTrump: Visited a great family of a young man under major surgery at the amazing Walter Reed Medical Center. Those are truly s\xe2\x80\xa6'
1195906249558241282,2019-11-17 03:27:23,b'RT @realDonaldTrump: https://t.co/5Tbgwkpv4p'
1195906132629434368,2019-11-17 03:26:55,b'RT @realDonaldTrump: https://t.co/65ERQ7YfUS'
1195732722825732096,2019-11-16 15:57:51,"b'RT @realDonaldTrump: ....and Taylor, dismissing everybody involved from the Obama holdover days trying to undermine Trump, getting rid of t\xe2\x80\xa6'"
1195732722129547264,2019-11-16 15:57:51,"b'RT @realDonaldTrump: \xe2\x80\x9cMy support for Donald Trump has never been greater than it is right now. It is paramountly obvious watching this, the\xe2\x80\xa6'"
1195532620475641856,2019-11-16 02:42:43,b'RT @realDonaldTrump: #NewHoaxSameSwamp https://t.co/GIg9R9Txe0'
1195500494829105153,2019-11-16 00:35:03,b'RT @realDonaldTrump: https://t.co/YvlBpfsiTa'
1195475318502576130,2019-11-15 22:55:01,"b'RT @WhiteHouse: From individual medical supplies to the total cost of common procedures, hospitals will display prices for services in an e\xe2\x80\xa6'"
1195475191784247303,2019-11-15 22:54:31,"b'RT @WhiteHouse: Americans have a right to know the price of services before they go to the doctor. Today, President @realDonaldTrump finali\xe2\x80\xa6'"
1195464487920422913,2019-11-15 22:11:59,b'RT @realDonaldTrump: https://t.co/8h6ZmdGlPf https://t.co/shaijXMXli'
1195442296998809602,2019-11-15 20:43:48,"b'RT @RepMarkMeadows: The Democrats second day impeachment witness, Ambassador Yovanovitch, has no information on any of the relevant questio\xe2\x80\xa6'"
1195442296982048769,2019-11-15 20:43:48,"b'RT @RepLeeZeldin: History is going to be so MASSIVELY unkind towards Pelosi, Schiff and the rest of Congressional Democrats who continue su\xe2\x80\xa6'"
1195442170280448005,2019-11-15 20:43:18,"b""RT @SteveScalise: The Dems' star witness was just asked on record if she had any information regarding @realDonaldTrump accepting any bribe\xe2\x80\xa6"""
1195442170255302657,2019-11-15 20:43:18,b'RT @EliseStefanik: Obama\xe2\x80\x99s own State Dept. was so concerned about conflicts of interest from Hunter Biden\xe2\x80\x99s role at Burisma that they raise\xe2\x80\xa6'
1195442170255282177,2019-11-15 20:43:18,"b'RT @EliseStefanik: The facts are clear, confirmed by our witness, Ambassador Yovanovitch: defensive lethal aid was provided to Ukraine not\xe2\x80\xa6'"
1195442056140857345,2019-11-15 20:42:51,"b'RT @GOPLeader: Before Chairman Adam Schiff gets a chance to make up another phone call between Presidents Trump and Zelensky, @DevinNunes j\xe2\x80\xa6'"
1195438194516516864,2019-11-15 20:27:30,b'RT @DanScavino: \xe2\x80\x9cUkrainian FM Vadym Prystaiko said on Thur that the U.S. Amb did not link financial military assistance to a request for Uk\xe2\x80\xa6'
1195438194495557638,2019-11-15 20:27:30,b'RT @Jim_Jordan: https://t.co/gjRFvN02xO'
1195421890074103810,2019-11-15 19:22:43,"b'RT @Jim_Jordan: We now have both the April and July calls between President Trump and President Zelensky. Once again, no linkage of any kin\xe2\x80\xa6'"
1195421890002726912,2019-11-15 19:22:43,"b'RT @RepMarkMeadows: Bravo from @RepChrisStewart, who just summarized this whole hearing:\n\nQ: ""Do you have any information regarding POTUS a\xe2\x80\xa6'"
1195421762080694273,2019-11-15 19:22:12,"b'RT @GOPLeader: .@RepStefanik: ""I just want to get it on record. In terms of defensive lethal aid, which you were an advocate for, that was\xe2\x80\xa6'"
1195421762063884293,2019-11-15 19:22:12,"b'RT @Rep_Watkins: Democrats didn\xe2\x80\x99t like the outcome of the 2016 election, so now they\xe2\x80\x99re trying to impeach @realDonaldTrump \n\n#KS02 #ksleg h\xe2\x80\xa6'"
1195421661635309570,2019-11-15 19:21:48,b'RT @RepAndyBiggsAZ: .@RepDevinNunes is exactly right: former Ambassador Yovanovitch should not be a witness at an impeachment hearing where\xe2\x80\xa6'
1195421661501313028,2019-11-15 19:21:48,b'RT @HouseGOP: Why is Chairman Schiff afraid of @RepStefanik?\n\nWhy doesn\xe2\x80\x99t he want Republican members to ask questions?\n\nWhy is he conductin\xe2\x80\xa6'
1195421536645210114,2019-11-15 19:21:18,"b'RT @RepMarkMeadows: One thing to note:\n\nNotice how, so far, the Democrats have been peppering the witness with questions asking her to spec\xe2\x80\xa6'"
1195421536628461572,2019-11-15 19:21:18,b'RT @CongressmanHice: Quick reminder \xe2\x86\x92 Ambassador Marie Yovanovitch is yet another person who wasn\xe2\x80\x99t present on the July 25th call \xe2\x80\x93 and tha\xe2\x80\xa6'
1195421412464451589,2019-11-15 19:20:49,"b""RT @RepDLamborn: This witness has absolutely no relevant information. She can't bring any first-hand knowledge of the events and was recall\xe2\x80\xa6"""
1195421409666879492,2019-11-15 19:20:48,"b'RT @RepSmucker: No matter how hard the media and the Democrats try to spin the hearings, these are the facts... #ImpeachingHearings #FactsM\xe2\x80\xa6'"
1195416069361586177,2019-11-15 18:59:35,"b""RT @WhiteHouse: \xf0\x9f\x9a\xa8 The most important clip you'll see today \xf0\x9f\x9a\xa8\n\n\xe2\x9e\xa1\xef\xb8\x8f The Obama State Department had the same concern about the Biden family's c\xe2\x80\xa6"""
1195390870360612868,2019-11-15 17:19:27,"b'RT @realDonaldTrump: So they now convict Roger Stone of lying and want to jail him for many years to come. Well, what about Crooked Hillary\xe2\x80\xa6'"
1195390870146691073,2019-11-15 17:19:27,b'RT @realDonaldTrump: ....A double standard like never seen before in the history of our Country?'
1195380178907734018,2019-11-15 16:36:58,"b'RT @realDonaldTrump: Stock Market up big. New and Historic Record. Job, jobs, jobs!'"
1195380067590909957,2019-11-15 16:36:31,b'RT @realDonaldTrump: We have vacancies in various departments because we do not want or need as many people as past administrations (and sa\xe2\x80\xa6'
1195365104423985152,2019-11-15 15:37:04,b'RT @realDonaldTrump: https://t.co/qz1OfL56rg'
1195364994952679424,2019-11-15 15:36:38,b'RT @realDonaldTrump: https://t.co/ObHvebm4ry'
1195364994810023936,2019-11-15 15:36:38,b'RT @realDonaldTrump: https://t.co/86HWwzDlEo'
1195363099710251008,2019-11-15 15:29:06,b'RT @realDonaldTrump: https://t.co/XE7ofTy7Sf'
1195362105458929665,2019-11-15 15:25:09,b'RT @realDonaldTrump: https://t.co/0zTfpzHCNK'
1195360552350040064,2019-11-15 15:18:59,"b'RT @realDonaldTrump: Another Record Stock Market, 21 times this year, despite an ongoing, &amp; totally unfounded, Witch Hunt, &amp; a Democrat Par\xe2\x80\xa6'"
1195356744312147971,2019-11-15 15:03:51,b'RT @realDonaldTrump: ....They call it \xe2\x80\x9cserving at the pleasure of the President.\xe2\x80\x9d The U.S. now has a very strong and powerful foreign polic\xe2\x80\xa6'
1195356741770330112,2019-11-15 15:03:50,"b'RT @realDonaldTrump: Everywhere Marie Yovanovitch went turned bad. She started off in Somalia, how did that go? Then fast forward to Ukrain\xe2\x80\xa6'"
1195341482976256002,2019-11-15 14:03:12,"b'RT @realDonaldTrump: ......filth pouring into the Pacific Ocean is rapidly becoming an environmental hazard, is getting NOTHING DONE. She i\xe2\x80\xa6'"
1195341356543152128,2019-11-15 14:02:42,b'RT @realDonaldTrump: The Impeachment Witch Hunt should be over with the statement made last night by the President and Foreign Minister of\xe2\x80\xa6'
1195337517987454982,2019-11-15 13:47:27,"b'RT @realDonaldTrump: ....Ambassador Sondland did not tell us, and certainly did not tell me, about a connection between the assistance and\xe2\x80\xa6'"
1195337411041079297,2019-11-15 13:47:01,b'RT @realDonaldTrump: Democrats must apologize to USA: Ukrainian Foreign Minister Vadym Prystaiko said that \xe2\x80\x9cUnited States Ambassador Gordon\xe2\x80\xa6'
1195141978457083905,2019-11-15 00:50:26,"b'RT @realDonaldTrump: We continue to monitor the terrible events at Saugus High School in Santa Clarita, California through our ongoing comm\xe2\x80\xa6'"
1195141977878212609,2019-11-15 00:50:26,"b'RT @realDonaldTrump: ....We send our deepest condolences to the families and friends of those tragically lost, and we pray for the speedy r\xe2\x80\xa6'"
1195003479686864896,2019-11-14 15:40:06,b'RT @realDonaldTrump: Where\xe2\x80\x99s the Fake Whistleblower?'
1195001097544491008,2019-11-14 15:30:38,"b'RT @realDonaldTrump: ....that the House Democrats have done since she\xe2\x80\x99s become Speaker, other than chase Donald Trump.\xe2\x80\x9d This Impeachment Ho\xe2\x80\xa6'"
1195000981475528705,2019-11-14 15:30:10,"b'RT @realDonaldTrump: ....anywhere, so we\xe2\x80\x99ve now had 3 years of the Democrats chasing Donald Trump. Nancy Pelosi\xe2\x80\x99s worried about the America\xe2\x80\xa6'"
1195000863028330498,2019-11-14 15:29:42,b'RT @realDonaldTrump: .@DanHenninger  WSJ: Nancy Pelosi had it right the first time when she did not want to go down the Impeachment path. M\xe2\x80\xa6'
1194994685477081088,2019-11-14 15:05:09,b'RT @realDonaldTrump: \xe2\x80\x9cThat hearing was about a policy dispute.\xe2\x80\x9d Robert Ray. \xe2\x80\x9cRegular people watching this cannot conclude that the Presiden\xe2\x80\xa6'
1194988328136953856,2019-11-14 14:39:53,b'RT @realDonaldTrump: \xe2\x80\x9cNeither one of the Democrat star witnesses at the Impeachment hearings could point out an impeachable offense. That\xe2\x80\x99s\xe2\x80\xa6'
1194986972797980672,2019-11-14 14:34:30,b'RT @realDonaldTrump: Walmart announces great numbers. No impact from Tariffs (which are contributing $Billions to our Treasury). Inflation\xe2\x80\xa6'
1194975176494063617,2019-11-14 13:47:38,"b'RT @realDonaldTrump: Hit New Stock Market record again yesterday, the 20th time this year, with GREAT potential for the future. USA is wher\xe2\x80\xa6'"
1194974827272126464,2019-11-14 13:46:15,"b'RT @realDonaldTrump: .@RepRatcliffe asked the two \xe2\x80\x9cstar\xe2\x80\x9d witnesses, \xe2\x80\x9cwhere is the impeachable event in that call?\xe2\x80\x9d Both stared straight ahe\xe2\x80\xa6'"
1194974699836649478,2019-11-14 13:45:44,"b'RT @realDonaldTrump: Wow! Was just told that my son\xe2\x80\x99s book, \xe2\x80\x9cTriggered,\xe2\x80\x9d is Number One on The New York Times Bestseller List. Congratulatio\xe2\x80\xa6'"
1194820826941607946,2019-11-14 03:34:18,b'RT @realDonaldTrump: Thank you @FranklinGraham. It is a time of \xe2\x80\x9cshame\xe2\x80\x9d for our Country. The Democrats know what they are doing is wrong! h\xe2\x80\xa6'
1194749789277212674,2019-11-13 22:52:01,b'RT @WhiteHouse: President @realDonaldTrump held a joint press conference with President Erdogan at the White House this afternoon.\n\nTurkey\xe2\x80\xa6'
1194713375240007680,2019-11-13 20:27:20,b'RT @WhiteHouse: President @realDonaldTrump gave an update on relations with Turkey at the top of his meeting with President Erdogan. https:\xe2\x80\xa6'
1194702970669146113,2019-11-13 19:45:59,"b'RT @WhiteHouse: ""They\'re trying to stop me, because I\'m fighting for you. And I\'ll never let that happen."" \xe2\x80\x94 President @realDonaldTrump htt\xe2\x80\xa6'"
1194700579232194560,2019-11-13 19:36:29,b'RT @WhiteHouse: New hoax. Same swamp. https://t.co/6byw3BVxFR'
1194610997820043266,2019-11-13 13:40:31,b'RT @realDonaldTrump: READ THE TRANSCRIPT!'
1194610573486493696,2019-11-13 13:38:50,b'RT @realDonaldTrump: NEVER TRUMPERS!'
1194610448403959810,2019-11-13 13:38:20,"b'RT @realDonaldTrump: ....any laws or did anything wrong, and they have to move away from quid pro quo because there was no quid, and there\xe2\x80\xa6'"
1194610438987747329,2019-11-13 13:38:18,"b'RT @realDonaldTrump: ...the most powerful tool the legislative branch has, Impeachment, &amp; they\xe2\x80\x99ve turned it into a political cudgel, which\xe2\x80\xa6'"
1194610310403035137,2019-11-13 13:37:47,b'RT @realDonaldTrump: \xe2\x80\x9cNancy Pelosi cares more about power than she does about principle. She did not want to go down this road. She realize\xe2\x80\xa6'
1194594132221710338,2019-11-13 12:33:30,b'RT @realDonaldTrump: The Democrats have stacked the deck against President Trump and the Republicans. They have leaked out everything. @Ste\xe2\x80\xa6'
1194594008288387073,2019-11-13 12:33:00,"b'RT @realDonaldTrump: \xe2\x80\x9cMillions of Americans will see what a partisan sham this whole thing is.\xe2\x80\x9d Rush Limbaugh @foxandfriends  Also, why is\xe2\x80\xa6'"
1194460610345476096,2019-11-13 03:42:56,"b'RT @realDonaldTrump: ....to hurt Donald Trump and we, the people that support him. The Left has never accepted the results of the 2016 Elec\xe2\x80\xa6'"
1194460610324512768,2019-11-13 03:42:56,"b'RT @realDonaldTrump: ....This is a phony showtrial. There is zero due process, none. It is yet another fraudulent hoax conspiracy theory. I\xe2\x80\xa6'"
1194460472394887169,2019-11-13 03:42:23,"b'RT @realDonaldTrump: \xe2\x80\x9cThe circus is coming to town. The corrupt, compromised, coward &amp; congenital liar Adam Schiff Show on Capital Hill, br\xe2\x80\xa6'"
1194432278681792513,2019-11-13 01:50:21,"b'RT @realDonaldTrump: \xe2\x80\x9cThis ridiculous Impeachment is a travesty, it\xe2\x80\x99s not an inquiry. Just read the transcript.\xe2\x80\x9d @LouDobbs'"
1194432118870421506,2019-11-13 01:49:43,"b'RT @realDonaldTrump: DACA recipients with arrest records: 53,792! That is a very large proportion of the total. @LouDobbs  Not good, but we\xe2\x80\xa6'"
1194391958711676930,2019-11-12 23:10:08,"b'RT @WhiteHouse: President @realDonaldTrump gave an update on the booming Trump Economy at @EconClubNY today!\n\n""We have delivered on our pro\xe2\x80\xa6'"
1194391958506082305,2019-11-12 23:10:08,"b'RT @WhiteHouse: President @realDonaldTrump says his job is to help America excel, compete, and WIN in the global economy. \xf0\x9f\x87\xba\xf0\x9f\x87\xb8 https://t.co/l\xe2\x80\xa6'"
1194352272437907458,2019-11-12 20:32:26,"b'RT @WhiteHouse: Under President @realDonaldTrump, unemployment hit its lowest rate in 51 YEARS! Blue-collar jobs are leading the way. \xf0\x9f\x92\xaa htt\xe2\x80\xa6'"
1194352271540264960,2019-11-12 20:32:26,b'RT @WhiteHouse: Nikki Haley: President @realDonaldTrump has built up a long list of tough achievements on the world stage\xe2\x80\x94and Democrats hav\xe2\x80\xa6'
1194352160517107714,2019-11-12 20:31:59,"b'RT @WhiteHouse: Newt Gingrich: ""What you have is a coup being orchestrated by left-wingers in the bureaucracy, left-wingers in the news med\xe2\x80\xa6'"
1194288891169300482,2019-11-12 16:20:35,b'RT @realDonaldTrump: A total Impeachment Scam by the Do Nothing Democrats! https://t.co/aFTQe293JF'
1194220268677410821,2019-11-12 11:47:54,"b'RT @realDonaldTrump: Many of the people in DACA, no longer very young, are far from \xe2\x80\x9cangels.\xe2\x80\x9d Some are very tough, hardened criminals. Pres\xe2\x80\xa6'"
1194219424921915392,2019-11-12 11:44:33,"b'RT @realDonaldTrump: I will be releasing the transcript of the first, and therefore more important, phone call with the Ukrainian President\xe2\x80\xa6'"
1194219424338841600,2019-11-12 11:44:32,b'RT @realDonaldTrump: Economy is BOOMING. Seems set to have yet another record day!'
1194215393008771072,2019-11-12 11:28:31,"b'RT @realDonaldTrump: ....Ukrainian energy company, and more millions taken from China, and now reports of other companies and countries als\xe2\x80\xa6'"
1194215258396807169,2019-11-12 11:27:59,"b'RT @realDonaldTrump: .....\xe2\x80\x9dno pressure\xe2\x80\x9d put on him to investigate Sleepy Joe Biden even though, as President, I have an \xe2\x80\x9cobligation\xe2\x80\x9d to loo\xe2\x80\xa6'"
1194215258396774401,2019-11-12 11:27:59,"b'RT @realDonaldTrump: Why is such a focus put on 2nd and 3rd hand witnesses, many of whom are Never Trumpers, or whose lawyers are Never Tru\xe2\x80\xa6'"
1194068619895988224,2019-11-12 01:45:18,"b'RT @realDonaldTrump: \xe2\x80\x9cThis isn\xe2\x80\x99t about Ukraine. This isn\xe2\x80\x99t about Impeachment. This is about subverting Democracy!\xe2\x80\x9d @BillOReilly So true, an\xe2\x80\xa6'"
1194068505940942849,2019-11-12 01:44:51,b'RT @realDonaldTrump: ....want that to be an impeachable offense? Good luck with that!\xe2\x80\x9d @JesseBWatters @FoxNews'
1194068383731519489,2019-11-12 01:44:22,"b'RT @realDonaldTrump: Schiff and the Dems have created this whole thing, they reverse engineer it. They\xe2\x80\x99ve been vowing to impeach for three\xe2\x80\xa6'"
1194068383714742273,2019-11-12 01:44:22,"b'RT @realDonaldTrump: \xe2\x80\x9cThe President has until September 30th to give this aid to Ukraine. He gets it out on September 11th., 3 weeks before\xe2\x80\xa6'"
1194068275380064257,2019-11-12 01:43:56,"b'RT @realDonaldTrump: In order to continue being the most Transparent President in history, I will be releasing sometime this week the Trans\xe2\x80\xa6'"
1194068160816861184,2019-11-12 01:43:28,"b'RT @realDonaldTrump: Just like Schiff fabricated my phone call, he will fabricate the transcripts that he is making and releasing!'"
1194068160783237120,2019-11-12 01:43:28,"b'RT @realDonaldTrump: Schiff is giving Republicans NO WITNESSES, NO LAWYER &amp; NO DUE PROCESS! It is a totally one sided Witch Hunt. This can\xe2\x80\x99\xe2\x80\xa6'"
1194015685120274432,2019-11-11 22:14:57,b'RT @realDonaldTrump: Read the Transcript. It is PERFECT!'
1193988735056121857,2019-11-11 20:27:52,b'RT @realDonaldTrump: Where is the Whistleblower who gave so much false information? Must testify along with Schiff and others!'
1193985440455569410,2019-11-11 20:14:46,"b'RT @WhiteHouse: As a candidate, @realDonaldTrump made veterans a centerpiece of his presidential campaign. As President, he restored qualit\xe2\x80\xa6'"
1193978569598406656,2019-11-11 19:47:28,"b'RT @realDonaldTrump: Today, we come together as one Nation to salute the Veterans of the United States Armed Forces \xe2\x80\x93 the greatest warriors\xe2\x80\xa6'"
1193941379447173120,2019-11-11 17:19:41,"b'RT @WhiteHouse: On November 11, we share ""our Nation\xe2\x80\x99s deepest praise and gratitude to every citizen who has worn the uniform of the Americ\xe2\x80\xa6'"
1193936566483324932,2019-11-11 17:00:34,"b""RT @WhiteHouse: Just weeks ago, our great American warriors brought the world's number one terrorist leader to justice. https://t.co/qgNBus\xe2\x80\xa6"""
1193934119450873856,2019-11-11 16:50:50,b'RT @WhiteHouse: The noble tradition of the annual Veterans Day Parade in New York City\xe2\x80\x94the largest celebration of its kind in the country!\xe2\x80\x94\xe2\x80\xa6'
1193930186305232896,2019-11-11 16:35:13,"b'RT @WhiteHouse: Today, our Nation comes together to salute the veterans of the United States Armed Forces. https://t.co/hBPoEwkaqz'"
1193930186305220609,2019-11-11 16:35:13,"b'RT @WhiteHouse: ""The First Lady and I have come to express the everlasting love and loyalty of 327 million Americans."" https://t.co/suJpBU8\xe2\x80\xa6'"
1193900797865742336,2019-11-11 14:38:26,"b'RT @realDonaldTrump: \xe2\x80\x9cThe Chinese say (about Trump\xe2\x80\x99s Trade War &amp; Tariffs), \xe2\x80\x98he brought us to the table.\xe2\x80\x99 This is the most prosperous econom\xe2\x80\xa6'"
1193897036430630913,2019-11-11 14:23:29,b'RT @realDonaldTrump: Shifty Adam Schiff will only release doctored transcripts. We haven\xe2\x80\x99t even seen the documents and are restricted from\xe2\x80\xa6'
1193895878194581504,2019-11-11 14:18:53,b'RT @realDonaldTrump: The lawyer for the Whistleblower takes away all credibility from this big Impeachment Scam! It should be ended and the\xe2\x80\xa6'
1193895764977758209,2019-11-11 14:18:26,"b'RT @realDonaldTrump: Will be meeting with representatives of the Vaping industry, together with medical professionals and individual state\xe2\x80\xa6'"
1193887700794957824,2019-11-11 13:46:23,b'RT @realDonaldTrump: HAPPY VETERANS DAY!'
1193887456082452480,2019-11-11 13:45:25,"b'RT @realDonaldTrump: If Iran is able to turn over to the U.S. kidnapped former FBI Agent Robert A. Levinson, who has been missing in Iran f\xe2\x80\xa6'"
1193606348992319488,2019-11-10 19:08:24,b'RT @realDonaldTrump: \xe2\x80\x9cThere\xe2\x80\x99s nothing there! I\xe2\x80\x99m trying to let the House know that they\xe2\x80\x99re dividing America for no good reason. We\xe2\x80\x99ve got a\xe2\x80\xa6'
1193604236690505734,2019-11-10 19:00:00,b'RT @realDonaldTrump: Corrupt politician Adam Schiff wants people from the White House to testify in his and Pelosi\xe2\x80\x99s disgraceful Witch Hunt\xe2\x80\xa6'
1193569286998106113,2019-11-10 16:41:08,b'RT @realDonaldTrump: ABC is as bad as the rest of them. Journalistic standards are nonexistent today. The press is so dishonest that we no\xe2\x80\xa6'
1193330790496702464,2019-11-10 00:53:26,b'RT @realDonaldTrump: Thank you to LSU and Alabama for a great game!'
1193248731577176064,2019-11-09 19:27:21,b'RT @realDonaldTrump: ....Whatever happened to the so-called \xe2\x80\x9cinformer\xe2\x80\x9d to Whistleblower #1? Seems to have disappeared after I released the\xe2\x80\xa6'
1193248621980012544,2019-11-09 19:26:55,"b'RT @realDonaldTrump: I recommend that Nervous Nancy Pelosi (who backed up Schiff\xe2\x80\x99s lie), Shifty Adam Schiff, Sleepy Joe Biden, the Whistleb\xe2\x80\xa6'"
1193230392658202627,2019-11-09 18:14:29,b'RT @realDonaldTrump: PRESIDENTIAL HARASSMENT!'
1193191897684201472,2019-11-09 15:41:31,"b'RT @realDonaldTrump: Just finished reading my son Donald\xe2\x80\x99s just out new book, \xe2\x80\x9cTriggered.\xe2\x80\x9d It is really good! He, along with many of us, wa\xe2\x80\xa6'"
1193191637738020869,2019-11-09 15:40:29,"b'RT @realDonaldTrump: Fake News is reporting that I am talking to Mark Burnett about doing a big show, perhaps The Apprentice, after the pre\xe2\x80\xa6'"
1193191508796747777,2019-11-09 15:39:58,"b""RT @realDonaldTrump: \xe2\x80\x9cMark Levin blasts Adam Schiff, claims 'the law is on the president's side' on Ukraine\xe2\x80\x9d https://t.co/GhO065fd8X"""
1192617045554319361,2019-11-08 01:37:16,"b'RT @WhiteHouse: ""On behalf of our entire Nation, I pledge that we will forever and always remember this incredible American hero."" https://\xe2\x80\xa6'"
1192617045453672448,2019-11-08 01:37:16,"b'RT @WhiteHouse: The United States is proud to honor Rick Rescorla, whose valiant and selfless sacrifice for his fellow Americans on one of\xe2\x80\xa6'"
1192605377722015745,2019-11-08 00:50:54,"b'RT @WhiteHouse: At the cost of his own, Rick Rescorla helped save the lives of nearly 2,700 people at the World Trade Center on the morning\xe2\x80\xa6'"
1192605264966496256,2019-11-08 00:50:27,b'RT @realDonaldTrump: STATEMENT FROM PRESIDENT DONALD J. TRUMP https://t.co/EktztHfLk6'
1192488215158099968,2019-11-07 17:05:20,b'RT @realDonaldTrump: Stock Market up big today. A New Record. Enjoy!'
1192465320990138368,2019-11-07 15:34:22,"b'RT @realDonaldTrump: The Amazon Washington Post and three lowlife reporters, Matt Zapotosky, Josh Dawsey, and Carol Leonnig, wrote another\xe2\x80\xa6'"
1192461699510616065,2019-11-07 15:19:58,"b'RT @realDonaldTrump: It was just explained to me that for next weeks Fake Hearing (trial) in the House, as they interview Never Trumpers an\xe2\x80\xa6'"
1192451049367461888,2019-11-07 14:37:39,"b'RT @realDonaldTrump: Based on the information released last night about the Fake Whistleblowers attorney, the Impeachment Hoax should be en\xe2\x80\xa6'"
1192439427035017216,2019-11-07 13:51:28,b'RT @realDonaldTrump: Read the Transcript!'
1192439426946871301,2019-11-07 13:51:28,"b'RT @realDonaldTrump: The degenerate Washington Post MADE UP the story about me asking Bill Barr to hold a news conference. Never happened,\xe2\x80\xa6'"
1192439317077135360,2019-11-07 13:51:02,b'RT @realDonaldTrump: Bill Barr did not decline my request to talk about Ukraine. The story was a Fake Washington Post con job with an \xe2\x80\x9canon\xe2\x80\xa6'
1192439194406260738,2019-11-07 13:50:33,"b'RT @realDonaldTrump: ....The LameStream Media, which is The Enemy of the People, is working overtime with made up stories in order to drive\xe2\x80\xa6'"
1192439194330828800,2019-11-07 13:50:33,"b'RT @realDonaldTrump: The story in the Amazon Washington Post, of course picked up by Fake News CNN, saying \xe2\x80\x9cPresident Trump asked for AG Ba\xe2\x80\xa6'"
1192439059332947969,2019-11-07 13:50:00,"b'RT @realDonaldTrump: Years ago, when Media was legitimate, people known as \xe2\x80\x9cFact Checkers\xe2\x80\x9d would always call to check and see if a story wa\xe2\x80\xa6'"
1192218212815036416,2019-11-06 23:12:26,"b""RT @WhiteHouse: It is every American's duty to protect and defend the Constitution and keep America the greatest country the world has ever\xe2\x80\xa6"""
1192218212781449217,2019-11-06 23:12:26,b'RT @WhiteHouse: No President in history has confirmed as many circuit court judges in this period of time as President @realDonaldTrump.\xe2\x80\xa6'
1192218101846290434,2019-11-06 23:12:00,"b""RT @WhiteHouse: Our judicial system has been under attack by the left, who aim to impose by judges what they can't win at the ballot box. h\xe2\x80\xa6"""
1192195956151861249,2019-11-06 21:44:00,"b'RT @WhiteHouse: ""These distinguished men and women are some of the most gifted scholars, respected jurists, and finest legal minds ever pla\xe2\x80\xa6'"
1192195956034408449,2019-11-06 21:44:00,b'RT @WhiteHouse: President @realDonaldTrump and Republicans in Congress have confirmed more than 150 federal judges! https://t.co/dreKFPyw3i'
1192186958103101442,2019-11-06 21:08:15,"b'RT @realDonaldTrump: ....Also talked about their Border with Syria, the eradication of terrorism, the ending of hostilities with the Kurds,\xe2\x80\xa6'"
1192186851442003970,2019-11-06 21:07:49,b'RT @realDonaldTrump: Just had a very good call with President @RTErdogan of Turkey. He informed me that they have captured numerous ISIS fi\xe2\x80\xa6'
1192158377222258688,2019-11-06 19:14:41,"b'RT @realDonaldTrump: Just had a meeting with top representatives from Egypt, Ethiopia, and Sudan to help solve their long running dispute o\xe2\x80\xa6'"
1192086544275976204,2019-11-06 14:29:14,b'RT @realDonaldTrump: Stock Markets (all three) hit another ALL TIME &amp; HISTORIC HIGH yesterday! You are sooo lucky to have me as your Presid\xe2\x80\xa6'
1192086419310858240,2019-11-06 14:28:44,"b'RT @realDonaldTrump: Thank you to Kurt Volker, U.S. Envoy to Ukraine, who said in his Congressional Testimony, just released, \xe2\x80\x9cYou asked wh\xe2\x80\xa6'"
1192086171251294208,2019-11-06 14:27:45,"b'RT @realDonaldTrump: \xe2\x80\x9cBased on the things I\xe2\x80\x99ve seen, the Democrats have no case, or a weak case, at best. I don\xe2\x80\x99t think there are, or will\xe2\x80\xa6'"
1191779582019391489,2019-11-05 18:09:29,b'RT @realDonaldTrump: A very good start! Please all work hard to get a final deal. https://t.co/IYGeBqQIQ9'
1191719517505949697,2019-11-05 14:10:48,"b'RT @realDonaldTrump: So sad to see what is happening in New York where Governor Cuomo &amp;  Mayor DeBlasio are letting out 900 Criminals, some\xe2\x80\xa6'"
1191719301746741251,2019-11-05 14:09:57,"b'RT @realDonaldTrump: This is the time for Mexico, with the help of the United States, to wage WAR on the drug cartels and wipe them off the\xe2\x80\xa6'"
1191719172176252928,2019-11-05 14:09:26,"b'RT @realDonaldTrump: ....monsters, the United States stands ready, willing &amp; able to get involved and do the job quickly and effectively. T\xe2\x80\xa6'"
1191719064206487553,2019-11-05 14:09:00,"b'RT @realDonaldTrump: A wonderful family and friends from Utah got caught between two vicious drug cartels, who were shooting at each other,\xe2\x80\xa6'"
1191718834950082560,2019-11-05 14:08:05,b'RT @realDonaldTrump: The Do Nothing Dems have gone Radical Left Crazy. The can\xe2\x80\x99t get anything done! https://t.co/wasvWli9jr'
1191415815817568262,2019-11-04 18:04:00,"b'RT @realDonaldTrump: My son, @DonaldJTrumpJr is coming out with a new book, \xe2\x80\x9cTriggered: How the Left Thrives on Hate and Wants to Silence U\xe2\x80\xa6'"
1191391522958299136,2019-11-04 16:27:28,b'RT @WhiteHouse: https://t.co/qZwel1LbwT'
1191372684321599488,2019-11-04 15:12:37,b'RT @realDonaldTrump: All-Time High for Stock Market and all the Fake News wants to talk about is the Impeachment Hoax!'
1191368344240349184,2019-11-04 14:55:22,b'RT @realDonaldTrump: Read the Transcript!'
1191363693046587392,2019-11-04 14:36:53,"b'RT @realDonaldTrump: ....I don\xe2\x80\x99t like him using my name to build his consulting company, or whatever. Please advise his clients and Adminis\xe2\x80\xa6'"
1191363583877226496,2019-11-04 14:36:27,"b'RT @realDonaldTrump: Many people say they know me, claiming to be \xe2\x80\x9cbest friends\xe2\x80\x9d and really close etc., when I don\xe2\x80\x99t know these people at a\xe2\x80\xa6'"
1191352703806517249,2019-11-04 13:53:13,b'RT @realDonaldTrump: Stock Market hits RECORD HIGH. Spend your money well!'
1191352582050078721,2019-11-04 13:52:44,b'RT @realDonaldTrump: \xe2\x80\x9cThere is no Whistleblower. There is someone with an agenda against Donald Trump. What he was blowing the whistle on d\xe2\x80\xa6'
1191352451041054725,2019-11-04 13:52:13,b'RT @realDonaldTrump: The Whistleblower gave false information &amp; dealt with corrupt politician Schiff. He must be brought forward to testify\xe2\x80\xa6'
1191352450948780032,2019-11-04 13:52:13,b'RT @realDonaldTrump: 95% Approval Rating in the Republican Party. Thank you!'
1191352213781831681,2019-11-04 13:51:16,b'RT @realDonaldTrump: What I said on the phone call with the Ukrainian President is \xe2\x80\x9cperfectly\xe2\x80\x9d stated. There is no reason to call witnesses\xe2\x80\xa6'
1191352088682471425,2019-11-04 13:50:46,"b'RT @realDonaldTrump: Mark Levin, a great lawyer and scholar, said last night on his @marklevinshow, that all you have to do is read the tra\xe2\x80\xa6'"
1191321444388491264,2019-11-04 11:49:00,b'RT @realDonaldTrump: Great! But how do you know it was a \xe2\x80\x9cmistweet?\xe2\x80\x9d May be something with deep meaning! https://t.co/00EXMCgQLp'
1191207897713270785,2019-11-04 04:17:49,b'RT @realDonaldTrump: False stories are being reported that a few Republican Senators are saying that President Trump may have done a quid p\xe2\x80\xa6'
1191207796240519169,2019-11-04 04:17:24,b'RT @realDonaldTrump: ....should give their own transcripts of the interviews to contrast with Schiff\xe2\x80\x99s manipulated propaganda. House Republ\xe2\x80\xa6'
1191207664174469120,2019-11-04 04:16:53,"b'RT @realDonaldTrump: If Shifty Adam Schiff, who is a corrupt politician who fraudulently made up what I said on the \xe2\x80\x9ccall,\xe2\x80\x9d is allowed to r\xe2\x80\xa6'"
1191207530992676864,2019-11-04 04:16:21,"b'RT @realDonaldTrump: The Fake News Media is working hard so that information about the Whistleblower\xe2\x80\x99s identity, which may be very bad for\xe2\x80\xa6'"
1191058845281529857,2019-11-03 18:25:32,"b'RT @realDonaldTrump: The Democrats are Fixers, and they are working overtime to FIX the Impeachment \xe2\x80\x9cProcess\xe2\x80\x9d in order to hurt the Republic\xe2\x80\xa6'"
1191033400292978688,2019-11-03 16:44:25,b'RT @realDonaldTrump: The Angry Majority!'
1191033295401889804,2019-11-03 16:44:00,b'RT @realDonaldTrump: Many people listened to my phone call with the Ukrainian President while it was being made. I never heard any complain\xe2\x80\xa6'
1191029389183606784,2019-11-03 16:28:29,b'RT @realDonaldTrump: ....and FEDERAL CONTRACTOR SPIES stories. The finest law enforcement on the planet could not have shown a ROADMAP like\xe2\x80\xa6'
1191029269486538752,2019-11-03 16:28:00,b'RT @realDonaldTrump: \xe2\x80\x9cMorrison testifies he saw nothing wrong with the Trump call.\xe2\x80\x9d @OANN'
1191029269377552384,2019-11-03 16:28:00,b'RT @realDonaldTrump: Thank you to @OANN for the absolutely incredible Special Report narrated by @PearsonSharp. Seldom do the American peop\xe2\x80\xa6'
1191002533587824641,2019-11-03 14:41:46,"b'RT @realDonaldTrump: The Whistleblower got it sooo wrong that HE must come forward. The Fake News Media knows who he is but, being an arm o\xe2\x80\xa6'"
1191002410606563331,2019-11-03 14:41:17,"b'RT @realDonaldTrump: ....putting these massive, and many, fires out. Great firefighters! Also, open up the ridiculously closed water lanes\xe2\x80\xa6'"
1191002289059835906,2019-11-03 14:40:48,"b'RT @realDonaldTrump: ..Every year, as the fire\xe2\x80\x99s rage &amp; California burns, it is the same thing-and then he comes to the Federal Government\xe2\x80\xa6'"
1191002161309765632,2019-11-03 14:40:17,"b'RT @realDonaldTrump: The Governor of California, @GavinNewsom, has done a terrible job of forest management. I told him from the first day\xe2\x80\xa6'"
1191002130972397569,2019-11-03 14:40:10,b'RT @realDonaldTrump: https://t.co/zJ9nW8i3ao'
1191001762951499777,2019-11-03 14:38:42,b'RT @realDonaldTrump: Didn\xe2\x80\x99t he pick the Whistleblower? https://t.co/yalRJr8DgA'
1191001544277319680,2019-11-03 14:37:50,b'RT @realDonaldTrump: Schiff will change the transcripts just like he fraudulently made up the phone call. He is a corrupt politician! https\xe2\x80\xa6'
1191001289347469313,2019-11-03 14:36:49,b'RT @realDonaldTrump: The Whistleblower has disappeared. Where is the Whistleblower?'
1190407786447982593,2019-11-01 23:18:27,b'RT @realDonaldTrump: The Whistleblower must come forward to explain why his account of the phone call with the Ukrainian President was so i\xe2\x80\xa6'
1190407570969812992,2019-11-01 23:17:36,b'RT @realDonaldTrump: You can\xe2\x80\x99t Impeach someone who hasn\xe2\x80\x99t done anything wrong!'
1190384728303554562,2019-11-01 21:46:50,b'RT @realDonaldTrump: Republicans have never been more unified than they are right now! The Dems are a mess under the corrupt leadership of\xe2\x80\xa6'
1190270564541317121,2019-11-01 14:13:11,b'RT @realDonaldTrump: Stock Market up BIG! Record highs for S&amp;P 500 and NASDAQ. Enjoy!'
1190268536838672386,2019-11-01 14:05:07,b'RT @realDonaldTrump: ....@FoxNews  @BillHemmer  The public is watching and seeing for themselves how unfair this process is. Corrupt politi\xe2\x80\xa6'
1190268536834449409,2019-11-01 14:05:07,"b'RT @realDonaldTrump: \xe2\x80\x9cAdam Schiff has taken all of the power for himself. That is very unfair. There were dozens of people on this call, ye\xe2\x80\xa6'"
1190266206953050112,2019-11-01 13:55:52,b'RT @realDonaldTrump: ISIS has a new leader. We know exactly who he is!'
1190262076079591427,2019-11-01 13:39:27,b'RT @realDonaldTrump: \xe2\x80\x9cThe Democrats need more than this.\xe2\x80\x9d @tombrokaw  Much more!'
1190261595378720768,2019-11-01 13:37:32,b'RT @realDonaldTrump: \xe2\x80\x9cThe Democrats are so immersed in this (SCAM). They couldn\xe2\x80\x99t care less about the American people!\xe2\x80\x9d @RushLimbaughEIB'
1190254794415493121,2019-11-01 13:10:31,b'RT @realDonaldTrump: Chicago will never stop its crime wave with the current Superintendent of Police. It just won\xe2\x80\x99t happen! Thank you to K\xe2\x80\xa6'
1190244986119475201,2019-11-01 12:31:33,b'RT @realDonaldTrump: \xe2\x80\x9cIt has been 3 years and Donald Trump hasn\xe2\x80\x99t done anything wrong. Donald Trump hasn\xe2\x80\x99t done a single thing of which he\xe2\x80\xa6'
1190068307237490688,2019-11-01 00:49:29,b'RT @realDonaldTrump: The home of Nancy Pelosi. I can\xe2\x80\x99t believe her voters can be happy with the job she and the Do Nothing Democrats are do\xe2\x80\xa6'
1190038601603698688,2019-10-31 22:51:27,"b'RT @realDonaldTrump: While the Do Nothing Democrats FAIL the American People, and continue the Impeachment Scam, my Administration will con\xe2\x80\xa6'"
1189979519647547392,2019-10-31 18:56:40,b'RT @WhiteHouse: There is serious work to get done on behalf of this country\xe2\x80\x94and Congressional Democrats are blatantly ignoring it. https://\xe2\x80\xa6'
1189979392442880000,2019-10-31 18:56:10,"b'RT @WhiteHouse: ""We released that transcript weeks ago. Anybody who wants to look at the transcript will see that there was nothing done th\xe2\x80\xa6'"
1189969652635570176,2019-10-31 18:17:28,"b'RT @WhiteHouse: While Democrats go on with their impeachment sham, President @realDonaldTrump will continue working for the American people\xe2\x80\xa6'"
1189928562930962433,2019-10-31 15:34:11,b'RT @realDonaldTrump: The Greatest Witch Hunt In American History!'
1189928516244123649,2019-10-31 15:34:00,b'RT @realDonaldTrump: The Impeachment Hoax is hurting our Stock Market. The Do Nothing Democrats don\xe2\x80\x99t care!'
1189916941533757440,2019-10-31 14:48:01,"b'RT @realDonaldTrump: ....our manufacturers. We should have lower interest rates than Germany, Japan and all others. We are now, by far, the\xe2\x80\xa6'"
1189916825267691526,2019-10-31 14:47:33,"b'RT @realDonaldTrump: People are VERY disappointed in Jay Powell and the Federal Reserve. The Fed has called it wrong from the beginning, to\xe2\x80\xa6'"
1189899891415420929,2019-10-31 13:40:16,"b'RT @realDonaldTrump: China and the USA are working on selecting a new site for signing of Phase One of Trade Agreement, about 60% of total\xe2\x80\xa6'"
1189893353116196865,2019-10-31 13:14:17,b'RT @realDonaldTrump: Thank you Matt. https://t.co/vDZqYIrgBy'
1189893353082626049,2019-10-31 13:14:17,b'RT @TVNewsHQ: Watch: \xe2\x80\x9cJoe Biden is the wrongest person on earth to be talking about al-Baghdadi\xe2\x80\x99s raid. He\xe2\x80\x99s the man who opposed the raid a\xe2\x80\xa6'
1189893016057724929,2019-10-31 13:12:56,"b'RT @realDonaldTrump: .....to any President, of either party, again. Laura @IngrahamAngle'"
1189892869315813376,2019-10-31 13:12:21,"b'RT @realDonaldTrump: ...never be allowed to roll into a winter showtrial. Indeed, allowing a long, drawn out trial in the Senate would mere\xe2\x80\xa6'"
1189892756266790913,2019-10-31 13:11:54,"b'RT @realDonaldTrump: .....the Dems have selectively leaked. Nor was there any corrupt intent on the part of the President. Remember, the Pr\xe2\x80\xa6'"
1189892643658043392,2019-10-31 13:11:28,b'RT @realDonaldTrump: \xe2\x80\x9cNow is the time for Republicans to stand together and defend the leader of their party against these smears. It would\xe2\x80\xa6'
1189892528012742657,2019-10-31 13:11:00,b'RT @realDonaldTrump: Congratulations to the Washington Nationals on a great season and an incredible World Series. Game 7 was amazing! @Nat\xe2\x80\xa6'
1189892396106092544,2019-10-31 13:10:29,"b'RT @realDonaldTrump: Thank you Daily Wire. Very cute recreation, but the \xe2\x80\x9clive\xe2\x80\x9d version of Conan will be leaving the Middle East for the Wh\xe2\x80\xa6'"
1189892379165306880,2019-10-31 13:10:24,b'RT @realDonaldTrump: The Do Nothing Democrats have gone Crazy. Very bad for USA! https://t.co/3zApgOOA7I'
1189892243685085184,2019-10-31 13:09:52,"b'RT @realDonaldTrump: ""The Democrats have been on this path for 3 years. The first headline I saw...before the President was sworn in was th\xe2\x80\xa6'"
1189642626598875137,2019-10-30 20:37:59,"b'RT @realDonaldTrump: \xe2\x80\x9cAdam Schiff\xe2\x80\x99s drive to impeach Trump based on opinions, deception and illusions \xe2\x80\x93 Not facts\xe2\x80\x9d @GreggJarrett https://t.\xe2\x80\xa6'"
1189603121716219904,2019-10-30 18:01:00,b'RT @realDonaldTrump: AMERICAN HERO! https://t.co/XCCa2sGfsZ'
1189597704911052800,2019-10-30 17:39:29,"b'RT @realDonaldTrump: Thank you @GM, @FiatChrysler_NA, @Toyota, and @GloblAutomkrs for standing with us for Better, Cheaper, Safer Cars for\xe2\x80\xa6'"
1189575838917971968,2019-10-30 16:12:35,"b'RT @realDonaldTrump: \xe2\x80\x9cPrecisely the same program that the Democrats are trying to  Impeach President Trump for supposedly slow walking, tom\xe2\x80\xa6'"
1189550832301281280,2019-10-30 14:33:13,b'RT @realDonaldTrump: Yesterday\xe2\x80\x99s Never Trumper witness could find NO Quid Pro Quo in the Transcript of the phone call. There were many peop\xe2\x80\xa6'
1189550699639640065,2019-10-30 14:32:42,b'RT @realDonaldTrump: A Federal Judge is allowing the Nick Sandman libel suit to move forward against the thoroughly disgusting Washington P\xe2\x80\xa6'
1189550581951750144,2019-10-30 14:32:14,b'RT @realDonaldTrump: \xe2\x80\x9cIt does appear it has to do with Nancy Pelosi retaining her Speakership in the next Congress. She would like that so\xe2\x80\xa6'
1189507184041844736,2019-10-30 11:39:47,b'RT @realDonaldTrump: The Greatest Economy in American History!'
1189506800388923392,2019-10-30 11:38:15,"b'RT @realDonaldTrump: .....the call with the Ukrainian President was a totally appropriate one. As he said, \xe2\x80\x9cNo Pressure.\xe2\x80\x9d This Impeachment\xe2\x80\xa6'"
1189506673754497025,2019-10-30 11:37:45,"b'RT @realDonaldTrump: Republicans are very unified and energized in our fight on the Impeachment Hoax with the Do Nothing Democrats, and now\xe2\x80\xa6'"
1189211727231143936,2019-10-29 16:05:44,b'RT @realDonaldTrump: Nervous Nancy Pelosi is doing everything possible to destroy the Republican Party. Our Polls show that it is going to\xe2\x80\xa6'
1189211648394977280,2019-10-29 16:05:26,b'RT @realDonaldTrump: \xe2\x80\x9cOver in Europe and Japan they have NEGATIVE RATES. They get paid to borrow money. Don\xe2\x80\x99t we have to follow our competi\xe2\x80\xa6'
1189183588484440065,2019-10-29 14:13:56,b'RT @realDonaldTrump: Consumer Confidence number very good. Housing sales in September up nicely. Economy Rocks!'
1189177815087927301,2019-10-29 13:50:59,b'RT @realDonaldTrump: Just confirmed that Abu Bakr al-Baghdadi\xe2\x80\x99s number one replacement has been terminated by American troops. Most likely\xe2\x80\xa6'
1189170357397270532,2019-10-29 13:21:21,"b'RT @realDonaldTrump: 95% Approval Rating in the Republican Party, a record. Thank you!'"
1189168800580689922,2019-10-29 13:15:10,"b'RT @realDonaldTrump: Supposedly, according to the Corrupt Media, the Ukraine call \xe2\x80\x9cconcerned\xe2\x80\x9d today\xe2\x80\x99s Never Trumper witness. Was he on the\xe2\x80\xa6'"
1189168661535301633,2019-10-29 13:14:37,b'RT @realDonaldTrump: How many more Never Trumpers will be allowed to testify about a perfectly appropriate phone call when all anyone has t\xe2\x80\xa6'
1189168437299482625,2019-10-29 13:13:43,"b'RT @realDonaldTrump: The Do Nothing Democrats are working hard to make everyone forget the Best Economy Ever, the monumental weekend raid,\xe2\x80\xa6'"
1189168264007573504,2019-10-29 13:13:02,"b'RT @realDonaldTrump: Where\xe2\x80\x99s the Whistleblower? Just read the Transcript, everything else is made up garbage by Shifty Schiff and the Never\xe2\x80\xa6'"
1189032363663220738,2019-10-29 04:13:01,"b'RT @realDonaldTrump: \xe2\x80\x9cThis is a big win for America, and also for President Trump.\xe2\x80\x9d @nypost'"
1189032131227455490,2019-10-29 04:12:05,"b'RT @realDonaldTrump: The only crimes in the Impeachment Hoax were committed by Shifty Adam Schiff, when he totally made up my phone convers\xe2\x80\xa6'"
1189031989392953346,2019-10-29 04:11:32,b'RT @realDonaldTrump: \xe2\x80\x9cAmericans know by now that the Impeachment inquiry is just another hoax and silent coup to remove the President from\xe2\x80\xa6'
1189031989376094209,2019-10-29 04:11:32,"b'RT @realDonaldTrump: \xe2\x80\x9cThere is no underlying crime in that transcript.\xe2\x80\x9d @IngrahamAngle  100% correct, and the Whistleblower disappeared aft\xe2\x80\xa6'"
1188930150127329281,2019-10-28 21:26:51,"b'RT @realDonaldTrump: Can you believe that Shifty Adam Schiff, the biggest leaker in D.C., and a corrupt politician, is upset that we didn\xe2\x80\x99t\xe2\x80\xa6'"
1188909278054236161,2019-10-28 20:03:55,b'RT @realDonaldTrump: We have declassified a picture of the wonderful dog (name not declassified) that did such a GREAT JOB in capturing and\xe2\x80\xa6'
1188904565409828864,2019-10-28 19:45:11,b'RT @WhiteHouse: President @realDonaldTrump is establishing the first commission on law enforcement in half a century! https://t.co/ALk8GlX5\xe2\x80\xa6'
1188891141627940867,2019-10-28 18:51:51,b'RT @realDonaldTrump: An AMAZING CHAMPION. Great going Tiger! @TigerWoods https://t.co/GdmcpMG42s'
1188890916389642246,2019-10-28 18:50:57,"b'RT @WhiteHouse: .@CBPMarkMorgan: ""Every town, every city, every state, is a border town, a border city, and a border state.\n\nWith every mil\xe2\x80\xa6'"
1188873192242319368,2019-10-28 17:40:31,"b'RT @WhiteHouse: President @realDonaldTrump will never put criminals, including criminal aliens, before law-abiding American citizens. https\xe2\x80\xa6'"
1188870774762987522,2019-10-28 17:30:55,b'RT @WhiteHouse: An attack on law enforcement is an attack on all Americans. https://t.co/Jt0AJUlE4E'
1188867059804966912,2019-10-28 17:16:09,"b""RT @WhiteHouse: This Administration stands up for law enforcement.\n\nWe condemn anti-police bias in all forms.\n\nWe're giving our LEOs the su\xe2\x80\xa6"""
1188863736888606722,2019-10-28 17:02:57,"b'RT @WhiteHouse: Just now, President @realDonaldTrump joined thousands of law enforcement officers at #IACP2019! https://t.co/Xg3q3I75Bo'"
1188813582408077313,2019-10-28 13:43:39,"b'RT @realDonaldTrump: The S&amp;P just hit an ALL TIME HIGH. This is a big win for jobs, 401-K\xe2\x80\x99s, and, frankly, EVERYONE! Our Country is doing g\xe2\x80\xa6'"
1188567752111472641,2019-10-27 21:26:49,b'RT @realDonaldTrump: Thank you to @MarthaRaddatz and @TerryMoran for a job well done! https://t.co/mcHjqX1K2L'
1188494388726513667,2019-10-27 16:35:18,"b""RT @WhiteHouse: Abu Bakr al-Baghdadi has been on the run for many years.\n\nOn President @realDonaldTrump's watch, we've obliterated him and\xe2\x80\xa6"""
1188494388688838656,2019-10-27 16:35:18,"b'RT @WhiteHouse: Abu Bakr al-Baghdadi was violently eliminated last night. He will never again harm another innocent man, woman, or child.\xe2\x80\xa6'"
1188494388663652352,2019-10-27 16:35:18,"b'RT @WhiteHouse: Thank you to the service members, military leaders, and agency officials who were critical to the success of this mission.\xe2\x80\xa6'"
1188494270489120773,2019-10-27 16:34:49,"b'RT @WhiteHouse: ""Terrorists who oppress and murder innocent people should never sleep soundly, knowing that we will completely destroy them\xe2\x80\xa6'"
1188494270296199168,2019-10-27 16:34:49,"b'RT @WhiteHouse: ""He didn\'t die a hero. He died a coward."" https://t.co/mxj8aoMLwO'"
1188494270099009536,2019-10-27 16:34:49,b'RT @WhiteHouse: No personnel were lost in this operation. https://t.co/KHBXDRcLFD'
1188494168814960645,2019-10-27 16:34:25,"b""RT @WhiteHouse: Baghdadi's demise demonstrates our commitment to the enduring and total defeat of ISIS and other terrorist organizations. h\xe2\x80\xa6"""
1188494063198179329,2019-10-27 16:34:00,"b""RT @WhiteHouse: President @realDonaldTrump just delivered a major announcement: the world's #1 terrorist leader has been brought to justice\xe2\x80\xa6"""
1188493674809905152,2019-10-27 16:32:27,b'RT @realDonaldTrump: https://t.co/7esnNSoa5D'
1188415098240536577,2019-10-27 11:20:13,"b'RT @realDonaldTrump: As Diwali commences, @FLOTUS Melania and I wish those observing the Festival of Lights a blessed and happy celebration\xe2\x80\xa6'"
1188414994511257600,2019-10-27 11:19:49,b'RT @realDonaldTrump: Something very big has just happened!'
1188307546140037121,2019-10-27 04:12:51,b'RT @realDonaldTrump: Where\xe2\x80\x99s the Whistleblower?'
1188304433546956800,2019-10-27 04:00:29,"b'RT @realDonaldTrump: The Fake Washington Post keeps doing phony stories, with zero sources, that I am concerned with the Impeachment scam.\xe2\x80\xa6'"
1188302436819243011,2019-10-27 03:52:33,b'RT @realDonaldTrump: ....We should all work together to clean up these hazardous waste and homeless sites before the whole city rots away.\xe2\x80\xa6'
1188302018840006656,2019-10-27 03:50:53,b'RT @realDonaldTrump: I can\xe2\x80\x99t believe that Nancy Pelosi\xe2\x80\x99s District in San Francisco is in such horrible shape that the City itself is in vio\xe2\x80\xa6'
1188284272412692481,2019-10-27 02:40:22,"b'RT @realDonaldTrump: \xe2\x80\x9cNot a single American citizen has been charged with anything related to Russian Collusion, not one person.\xe2\x80\x9d @TuckerCa\xe2\x80\xa6'"
1188261026862686209,2019-10-27 01:08:00,b'RT @realDonaldTrump: https://t.co/zDEOQfpvk1 https://t.co/Bxpt7nQTjG'
1188239388351836160,2019-10-26 23:42:01,"b'RT @realDonaldTrump: ....The entire Impeachment Scam was based on my perfect Ukrainian call, and the Whistleblowers account of that call, w\xe2\x80\xa6'"
1188239264288514049,2019-10-26 23:41:31,b'RT @realDonaldTrump: Democrats just announced that they no longer want the Whistleblower to testify. But everything was about the Whistlebl\xe2\x80\xa6'
1188222989411725317,2019-10-26 22:36:51,b'RT @realDonaldTrump: ....USA has gained Trillions of Dollars in wealth since November 2016. All others way down. Our power is Economic befo\xe2\x80\xa6'
1188222989403340803,2019-10-26 22:36:51,b'RT @realDonaldTrump: ....COMING HOME! We were supposed to be there for 30 days - That was 10 years ago. When these pundit fools who have ca\xe2\x80\xa6'
1188222860923461633,2019-10-26 22:36:20,b'RT @realDonaldTrump: Turkey fully understands not to fire on the Kurds as they leave what will be known as the Safe Zone for other fairly n\xe2\x80\xa6'
1188222745965977602,2019-10-26 22:35:53,"b'RT @realDonaldTrump: Where is the Whistleblower, and why did he or she write such a fictitious and incorrect account of my phone call with\xe2\x80\xa6'"
1188221986620825601,2019-10-26 22:32:52,"b'RT @realDonaldTrump: The Never Trumper Republicans, though on respirators with not many left, are in certain ways worse and more dangerous\xe2\x80\xa6'"
1187064995915456512,2019-10-23 17:55:24,"b'RT @WhiteHouse: How many Americans must die in the midst of ancient sectarian and tribal conflicts? \n\n""After all of the precious blood and\xe2\x80\xa6'"
1187064993537286144,2019-10-23 17:55:23,"b'RT @WhiteHouse: ""We were supposed to be there for 30 days, that was almost 10 years ago."" https://t.co/d5n6y5GQ0L'"
1187064890990759936,2019-10-23 17:54:59,b'RT @WhiteHouse: President @realDonaldTrump just announced a major breakthrough toward achieving a better future for Syria and the Middle Ea\xe2\x80\xa6'
1187064890789449728,2019-10-23 17:54:59,"b'RT @WhiteHouse: ""Eight long years after President Obama\'s ill-fated push at regime change, U.S. troops are still on the ground in Syria. Mo\xe2\x80\xa6'"
1186603903875502082,2019-10-22 11:23:11,"b'RT @realDonaldTrump: \xe2\x80\x9cI thought a very revealing poll was done by The New York Times. By about a 10 point margin, those in battleground sta\xe2\x80\xa6'"
1186603863345913856,2019-10-22 11:23:01,"b'RT @realDonaldTrump: \xe2\x80\x9cThe Ambassador to the European Union has already testified, he said there was no quid pro quo. He said the President\xe2\x80\xa6'"
1186603827111313413,2019-10-22 11:22:53,b'RT @realDonaldTrump: Congratulations to @JustinTrudeau on a wonderful and hard fought victory. Canada is well served. I look forward to wor\xe2\x80\xa6'
1186420824208826368,2019-10-21 23:15:41,b'RT @realDonaldTrump: Will be interviewed by @seanhannity tonight at 9:00 P.M. on @FoxNews. Enjoy!'
1186146791319842817,2019-10-21 05:06:47,b'RT @realDonaldTrump: https://t.co/oSn6amjZo4'
1186146775708717062,2019-10-21 05:06:43,b'RT @realDonaldTrump: https://t.co/R3Chppjx6S'
1186146760210735105,2019-10-21 05:06:39,b'RT @realDonaldTrump: https://t.co/6sKKniiOfE'
1186146551422431232,2019-10-21 05:05:50,"b'RT @realDonaldTrump: \xe2\x80\x9cTo the Democrats, Impeachment is partisan politics dressed up as principle.\xe2\x80\x9d @SteveHiltonx @FoxNews'"
1186051727868530688,2019-10-20 22:49:02,"b'RT @realDonaldTrump: So interesting that, when I announced Trump National Doral in Miami would be used for the hosting of the G-7, and then\xe2\x80\xa6'"
1186051700962017280,2019-10-20 22:48:55,"b'RT @realDonaldTrump: ....fiction to Congress and the American People?  I demand his deposition. He is a fraud, just like the Russia Hoax wa\xe2\x80\xa6'"
1186051679533391873,2019-10-20 22:48:50,b'RT @realDonaldTrump: ....because their so-called story didn\xe2\x80\x99t come even close to matching up with the exact transcript of the phone call. W\xe2\x80\xa6'
1186051662215077888,2019-10-20 22:48:46,"b'RT @realDonaldTrump: This Scam going on right now by the Democrats against the Republican Party, and me, was all about a perfect phone call\xe2\x80\xa6'"
1186051607601045505,2019-10-20 22:48:33,"b'RT @realDonaldTrump: Pelosi is now leading a delegation of 9, including Corrupt Adam Schiff, to Jordan to check out Syria. She should find\xe2\x80\xa6'"
1185879235438743552,2019-10-20 11:23:36,"b'RT @realDonaldTrump: So now Crooked Hillary is at it again! She is calling Congresswoman Tulsi Gabbard \xe2\x80\x9ca Russian favorite,\xe2\x80\x9d and Jill Stein\xe2\x80\xa6'"
1185879161639968769,2019-10-20 11:23:19,b'RT @realDonaldTrump: https://t.co/dNfXkc8uUG'
1185878987391885314,2019-10-20 11:22:37,"b'RT @realDonaldTrump: ....Therefore, based on both Media &amp; Democrat Crazed and Irrational Hostility, we will no longer consider Trump Nation\xe2\x80\xa6'"
1185878963060641794,2019-10-20 11:22:32,b'RT @realDonaldTrump: .....its own 50 to 70 unit building. Would set up better than other alternatives. I announced that I would be willing\xe2\x80\xa6'
1185878938947608576,2019-10-20 11:22:26,"b'RT @realDonaldTrump: I thought I was doing something very good for our Country by using Trump National Doral, in Miami, for hosting the G-7\xe2\x80\xa6'"
1185878776892276736,2019-10-20 11:21:47,b'RT @realDonaldTrump: \xe2\x80\x9cThe President never told me to withhold any money until the Ukrainians did anything related to the server. The only r\xe2\x80\xa6'
1185645972803768321,2019-10-19 19:56:42,"b'RT @realDonaldTrump: Crooked Hillary Clinton just called the respected environmentalist and Green Party candidate, Jill Stein, a \xe2\x80\x9cRussian A\xe2\x80\xa6'"
1185645940021104647,2019-10-19 19:56:34,b'RT @realDonaldTrump: It is ONLY about this! https://t.co/ZB5xPDKs4b'
1185645888317853700,2019-10-19 19:56:22,"b'RT @realDonaldTrump: Just another FAKE SUPPRESSION POLL, this time from @FoxNews, of course! https://t.co/x8lYVE7QCo'"
1185598387422486530,2019-10-19 16:47:37,"b'RT @realDonaldTrump: Such a disgrace that the Do Nothing Democrats are doing just as their name suggests, Doing Nothing! USMCA anyone?'"
1185535100416614400,2019-10-19 12:36:08,b'RT @realDonaldTrump: #StopTheCoup'
1185527476098875393,2019-10-19 12:05:50,"b'RT @realDonaldTrump: Susan Rice, who was a disaster to President Obama as National Security Advisor, is now telling us her opinion on what\xe2\x80\xa6'"
1185389511364284417,2019-10-19 02:57:37,"b'RT @realDonaldTrump: Congressman Michael McCaul, \xe2\x80\x9cSchiff\xe2\x80\x99s inquiry defies Democracy.\xe2\x80\x9d @FoxNews @seanhannity'"
1185389471811936256,2019-10-19 02:57:28,"b'RT @realDonaldTrump: \xe2\x80\x9cBecause the House has already voted against the Impeachment Proceeding, the current inquiry is totally invalid. The c\xe2\x80\xa6'"
1185389447124267008,2019-10-19 02:57:22,"b'RT @realDonaldTrump: Corrupt Congressman Adam Schiff is angry that Ambassadors that he thought would be good for his fraudulent Witch Hunt,\xe2\x80\xa6'"
1185337435045146624,2019-10-18 23:30:41,b'RT @realDonaldTrump: https://t.co/Q2ar4LZGM4'
1185337425553448967,2019-10-18 23:30:39,"b'RT @realDonaldTrump: Think of how many lives we saved in Syria and Turkey by getting a ceasefire yesterday. Thousands and thousands, and ma\xe2\x80\xa6'"
1185279394773917696,2019-10-18 19:40:03,"b'RT @realDonaldTrump: ....He is also my friend! At the same time, I am pleased to nominate Deputy Secretary Dan Brouillette to be the new Se\xe2\x80\xa6'"
1185279384736931841,2019-10-18 19:40:01,b'RT @realDonaldTrump: I want to thank Secretary of Energy Rick Perry for the outstanding job he has done. He will be leaving at the end of t\xe2\x80\xa6'
1185222269141954560,2019-10-18 15:53:03,"b'RT @realDonaldTrump: Can you believe I am doing this important work for our Country, and have to deal with Corrupt Adam Schiff and the Do N\xe2\x80\xa6'"
1185222245582589952,2019-10-18 15:52:58,b'RT @realDonaldTrump: DEFEAT TERRORISM! https://t.co/8WbnLPgWIK'
1185220409358274560,2019-10-18 15:45:40,"b'RT @realDonaldTrump: ....I have just been notified that some European Nations are now willing, for the first time, to take the ISIS Fighter\xe2\x80\xa6'"
1185220394015449090,2019-10-18 15:45:36,"b'RT @realDonaldTrump: .....this thinking years ago. Instead, it was always held together with very weak bandaids, &amp; in an artificial manner.\xe2\x80\xa6'"
1185220379234721799,2019-10-18 15:45:33,b'RT @realDonaldTrump: Just spoke to President @RTErdogan of Turkey. He told me there was minor sniper and mortar fire that was quickly elimi\xe2\x80\xa6'
1185002476417757190,2019-10-18 01:19:41,"b'RT @WhiteHouse: The artisans employed at the brand-new Louis Vuitton workshop will have great pay, quality healthcare, and 401(k)s. https:/\xe2\x80\xa6'"
1185002443735744513,2019-10-18 01:19:33,b'RT @WhiteHouse: Every handbag and piece of luggage produced at Louis Vuitton in Texas will be made by hand and stamped with the beautiful w\xe2\x80\xa6'
1185002418523770884,2019-10-18 01:19:27,"b'RT @WhiteHouse: ""Under my Administration, we believe that we can build it, grow it, or make it in the United States."" \xf0\x9f\x87\xba\xf0\x9f\x87\xb8 https://t.co/ca6pT\xe2\x80\xa6'"
1185002385116151819,2019-10-18 01:19:19,"b""RT @WhiteHouse: President @realDonaldTrump on today's announcement on Syria: https://t.co/zOmMzSqw4K"""
1184896970210664464,2019-10-17 18:20:26,"b'RT @realDonaldTrump: This is a great day for civilization. I am proud of the United States for sticking by me in following a necessary, but\xe2\x80\xa6'"
1184893328258715648,2019-10-17 18:05:58,b'RT @realDonaldTrump: This deal could NEVER have been made 3 days ago. There needed to be some \xe2\x80\x9ctough\xe2\x80\x9d love in order to get it done. Great f\xe2\x80\xa6'
1184884500804845570,2019-10-17 17:30:53,b'RT @realDonaldTrump: Great news out of Turkey. News Conference shortly with @VP and @SecPompeo. Thank you to @RTErdogan. Millions of lives\xe2\x80\xa6'
1184884488054149122,2019-10-17 17:30:50,"b'RT @realDonaldTrump: This number, based on the Economy &amp; how well our Country is doing, would potentially be 75% if not for the Fake News &amp;\xe2\x80\xa6'"
1184828218626449408,2019-10-17 13:47:15,b'RT @realDonaldTrump: The Greatest Witch Hunt in American History! https://t.co/sPnloffJMT'
1184817192371658754,2019-10-17 13:03:26,b'RT @realDonaldTrump: My warmest condolences to the family and many friends of Congressman Elijah Cummings. I got to see first hand the stre\xe2\x80\xa6'
1184817167696650246,2019-10-17 13:03:20,b'RT @realDonaldTrump: This is the real story. Thank you Jim! https://t.co/VqJrsUJdiX'
1184817119017553922,2019-10-17 13:03:08,b'RT @realDonaldTrump: I am the only person who can fight for the safety of our troops &amp; bring them home from the ridiculous &amp; costly Endless\xe2\x80\xa6'
1184817096015990784,2019-10-17 13:03:03,"b'RT @realDonaldTrump: \xe2\x80\x9cAbout 500,000 human beings were killed in Syria while Barack Obama was president &amp; leading for a \xe2\x80\x9cpolitical settlemen\xe2\x80\xa6'"
1184817071697383424,2019-10-17 13:02:57,b'RT @realDonaldTrump: https://t.co/ZtCSrCqJcN'
1184816999987372032,2019-10-17 13:02:40,"b'RT @realDonaldTrump: Hope all House Republicans, and honest House Democrats, will vote to CENSURE Rep. Adam Schiff tomorrow for his brazen\xe2\x80\xa6'"
1184638232962752513,2019-10-17 01:12:18,"b'RT @realDonaldTrump: Years of BAD GOVERNMENT, such a sorry thing to see! https://t.co/H1r2Be2YS6'"
1184637496782659585,2019-10-17 01:09:23,"b'RT @realDonaldTrump: \xe2\x80\x9cWhat has happened here with the Anthony Wiener laptop, the Server, all of the Emails between Huma Abedin and Hillary\xe2\x80\xa6'"
1184637472325689344,2019-10-17 01:09:17,b'RT @realDonaldTrump: \xe2\x80\x9cThis President is the most patriotic President I\xe2\x80\x99ve seen in many years. He is going to do what is good for Americans.\xe2\x80\xa6'
1184637434669211648,2019-10-17 01:09:08,"b'RT @realDonaldTrump: Nancy Pelosi needs help fast! There is either something wrong with her \xe2\x80\x9cupstairs,\xe2\x80\x9d or she just plain doesn\xe2\x80\x99t like our\xe2\x80\xa6'"
1184602242441191424,2019-10-16 22:49:18,"b'RT @realDonaldTrump: The Do Nothing Democrats, Pelosi and Schumer stormed out of the Cabinet Room! https://t.co/hmP4FNhemv'"
1184602218193965057,2019-10-16 22:49:12,"b""RT @realDonaldTrump: Nervous Nancy's unhinged meltdown! https://t.co/RDeUI7sfe7"""
1184597648730415104,2019-10-16 22:31:02,b'RT @realDonaldTrump: Do you think they like me? https://t.co/TDmUnJ8HtF'
1184597620167196673,2019-10-16 22:30:56,b'RT @realDonaldTrump: FAKE NEWS! https://t.co/ta8ii8yetP'
1184597534108536833,2019-10-16 22:30:35,"b'RT @realDonaldTrump: THANK YOU, WORKING HARD! https://t.co/sNUppjB4Xm'"
1184575386623102977,2019-10-16 21:02:35,"b'RT @WhiteHouse: President Trump asked: ""Are we supposed to fight a NATO member in order that Syria, who is not our friend, keeps their land\xe2\x80\xa6'"
1184575360119259136,2019-10-16 21:02:28,"b'RT @WhiteHouse: ""We have absolutely no help from the Democrats on our borders. Absolutely nothing. The closure of loopholes, which would be\xe2\x80\xa6'"
1184575333556772864,2019-10-16 21:02:22,b'RT @WhiteHouse: We draw strength from our heritage as we work together to safeguard our people\xe2\x80\x94but it is critical that our NATO allies fulf\xe2\x80\xa6'
1184575315617701888,2019-10-16 21:02:18,b'RT @WhiteHouse: President @realDonaldTrump just wrapped up a joint press conference with President Mattarella of Italy.\n\n\xe2\x80\x9cThe United States\xe2\x80\xa6'
1184556141285650433,2019-10-16 19:46:06,b'RT @realDonaldTrump: https://t.co/O8E3i8kJwS'
1184556112923770882,2019-10-16 19:45:59,"b'RT @realDonaldTrump: Guatemala, Honduras &amp; El Salvador have all signed historic Asylum Cooperation Agreements and are working to end the sc\xe2\x80\xa6'"
1184447657324023808,2019-10-16 12:35:02,"b'RT @realDonaldTrump: Republicans are totally deprived of their rights in this Impeachment Witch Hunt. No lawyers, no questions, no transpar\xe2\x80\xa6'"
1184447591397974016,2019-10-16 12:34:46,b'RT @realDonaldTrump: \xe2\x80\x9cWhat is happening to President Trump with Impeachment is a Constitutional Travesty.\xe2\x80\x9d @GrahamLedger  The likes of whic\xe2\x80\xa6'
1184447299864403968,2019-10-16 12:33:36,"b'RT @realDonaldTrump: .... It also brings Shifty\xe2\x80\x99s fraudulent MADE UP CALL, which he read to the United States Congress pretending it to be\xe2\x80\xa6'"
1184447279471775744,2019-10-16 12:33:32,"b'RT @realDonaldTrump: Shifty Adam Schiff wants to rest his entire case on a Whistleblower who he now says can\xe2\x80\x99t testify, &amp; the reason he can\xe2\x80\xa6'"
1184239683649359873,2019-10-15 22:48:37,b'RT @realDonaldTrump: https://t.co/Kj1LtwYSXa https://t.co/YgXImlvOYd'
1184218990186508293,2019-10-15 21:26:23,"b'RT @realDonaldTrump: The @StLouisBlues amazing comeback reminds us to never give up \xe2\x80\x93 and never lose faith. When you work hard, support eac\xe2\x80\xa6'"
1184175937618927617,2019-10-15 18:35:19,"b'RT @realDonaldTrump: Now that we have found out that @CNN is a virtual fraud, rumor has it that Jeff Zucker will be resigining momentarily?'"
1184130258959622147,2019-10-15 15:33:48,b'RT @realDonaldTrump: Democrats are allowing no transparency at the Witch Hunt hearings. If Republicans ever did this they would be excoriat\xe2\x80\xa6'
1184130235991810048,2019-10-15 15:33:42,"b'RT @realDonaldTrump: Just out: MEDIAN HOUSEHOLD INCOME IS AT THE HIGHEST POINT EVER, EVER, EVER! How about saying it this way, IN THE HISTO\xe2\x80\xa6'"
1183914239888637952,2019-10-15 01:15:25,b'RT @realDonaldTrump: \xe2\x80\x9cProject Veritas-Obtained Undercover Videos Highlight Jeff Zucker\xe2\x80\x99s (@CNN) Campaign To Destroy Trump. Videos Reveal @C\xe2\x80\xa6'
1183914220389388289,2019-10-15 01:15:20,b'RT @realDonaldTrump: A big scandal at @ABC News. They got caught using really gruesome FAKE footage of the Turks bombing in Syria. A real d\xe2\x80\xa6'
1183914194795749377,2019-10-15 01:15:14,"b'RT @realDonaldTrump: Shifty Schiff now seems to think they don\xe2\x80\x99t need the Whistleblower, who started the whole Scam. The reason is that the\xe2\x80\xa6'"
1183914167524352000,2019-10-15 01:15:08,"b'RT @realDonaldTrump: ""The House gone rogue! I want to remind you a little bit about the ring leader in this whole rogue operation against t\xe2\x80\xa6'"
1183914143667118082,2019-10-15 01:15:02,"b'RT @realDonaldTrump: ""It doesn\'t speak for the FULL HOUSE because the FULL HOUSE hasn\'t spoken. The Democrat Party is pushing this Impeachm\xe2\x80\xa6'"
1183870019073167360,2019-10-14 22:19:42,"b'RT @realDonaldTrump: ""The Democrat Party has hijacked the House of Representatives..."" @MarkLevinShow https://t.co/SZhfmhzec2'"
1183869974332497921,2019-10-14 22:19:31,b'RT @realDonaldTrump: Statement from President Donald J. Trump Regarding Turkey\xe2\x80\x99s Actions in Northeast Syria https://t.co/ZCQC7nzmME'
1183869946281025538,2019-10-14 22:19:25,b'RT @realDonaldTrump: ....I would much rather focus on our Southern Border which abuts and is part of the United States of America. And by t\xe2\x80\xa6'
1183869929956790278,2019-10-14 22:19:21,"b'RT @realDonaldTrump: Some people want the United States to protect the 7,000 mile away Border of Syria, presided over by Bashar al-Assad, o\xe2\x80\xa6'"
1183869900433084418,2019-10-14 22:19:14,b'RT @realDonaldTrump: ....and Assad to protect the land of our enemy? Anyone who wants to assist Syria in protecting the Kurds is good with\xe2\x80\xa6'
1183869881202233345,2019-10-14 22:19:09,"b'RT @realDonaldTrump: After defeating 100% of the ISIS Caliphate, I largely moved our troops out of Syria. Let Syria and Assad protect the K\xe2\x80\xa6'"
1183869846775357441,2019-10-14 22:19:01,"b""RT @realDonaldTrump: ....Don't the Europeans have a lot of responsibility?\xe2\x80\x9d @KatiePavlich Thank you Katie, I offered ISIS prisoners to the\xe2\x80\xa6"""
1183869827779321856,2019-10-14 22:18:56,"b""RT @realDonaldTrump: \xe2\x80\x9cTo his credit the Europeans didn't step up to deal with this ISIS problem \xe2\x80\x93 it\xe2\x80\x99s a lot of the reason why we are in th\xe2\x80\xa6"""
1183819070304636928,2019-10-14 18:57:15,b'RT @realDonaldTrump: ....of the correction which they knew about full well! \xe2\x80\x9cFox News Pollster Braun Research Misrepresented Impeachment Po\xe2\x80\xa6'
1183819055427395584,2019-10-14 18:57:11,"b'RT @realDonaldTrump: The Fox Impeachment poll has turned out to be incorrect. This was announced on Friday. Despite this, the Corrupt New Y\xe2\x80\xa6'"
1183781498882875394,2019-10-14 16:27:57,b'RT @realDonaldTrump: Wow! Hunter Biden is being forced to leave a Chinese Company. Now watch the Fake News wrap their greasy and very prote\xe2\x80\xa6'
1183747927904268288,2019-10-14 14:14:33,"b'RT @realDonaldTrump: Will be looking into the Scott Hapgood case, and the Island of Anguilla. Something looks and sounds very wrong. I know\xe2\x80\xa6'"
1183747905716391936,2019-10-14 14:14:28,b'RT @realDonaldTrump: Vote for good guy @seanspicer tonight on Dancing With The Stars. He has always been there for us!'
1183747881829834752,2019-10-14 14:14:22,b'RT @realDonaldTrump: https://t.co/09bac03RX6'
1183747863240675330,2019-10-14 14:14:18,b'RT @realDonaldTrump: https://t.co/kDd9fzjPAh'
1183747829703032834,2019-10-14 14:14:10,b'RT @realDonaldTrump: https://t.co/cvCBBovvFP'
1183747801391554560,2019-10-14 14:14:03,b'RT @realDonaldTrump: Happy Columbus Day!'
1183709400931823623,2019-10-14 11:41:28,b'RT @realDonaldTrump: The same people who got us into the Middle East mess are the people who most want to stay there!'
1183704235583692806,2019-10-14 11:20:56,b'RT @realDonaldTrump: ....Kurds may be releasing some to get us involved. Easily recaptured by Turkey or European Nations from where many ca\xe2\x80\xa6'
1183704214486290433,2019-10-14 11:20:51,b'RT @realDonaldTrump: Brian Kilmeade over at @foxandfriends got it all wrong. We are not going into another war between people who have been\xe2\x80\xa6'
1183704162917326848,2019-10-14 11:20:39,"b'RT @realDonaldTrump: ....Democrat\xe2\x80\x99s game was foiled when we caught Schiff fraudulently making up my Ukraine conversation, when I released t\xe2\x80\xa6'"
1183704147050336257,2019-10-14 11:20:35,b'RT @realDonaldTrump: Adam Schiff now doesn\xe2\x80\x99t seem to want the Whistleblower to testify. NO! Must testify to explain why he got my Ukraine c\xe2\x80\xa6'
1183704109880356866,2019-10-14 11:20:26,"b'RT @realDonaldTrump: \xe2\x80\x9cThe Democrats are trashing this President, &amp; in the process, trashing the U.S. Constitution. Frankly, the American Pe\xe2\x80\xa6'"
1183548843603959808,2019-10-14 01:03:28,b'RT @realDonaldTrump: \xe2\x80\x9cSerial killers get more Due Process than the Democrats give to the President of the United States.\xe2\x80\x9d @marklevinshow'
1183548791636422657,2019-10-14 01:03:15,b'RT @realDonaldTrump: The U.S. has the worst of the ISIS prisoners. Turkey and the Kurds must not let them escape. Europe should have taken\xe2\x80\xa6'
1183548747407659008,2019-10-14 01:03:05,"b'RT @realDonaldTrump: .....BY THE WAY, DON\xe2\x80\x99T CALL ME AGAIN, I\xe2\x80\x99LL CALL YOU WHEN YOU\xe2\x80\x99VE DONE WHAT I\xe2\x80\x99VE ASKED.\xe2\x80\x99\xe2\x80\x9d A reminder, that wasn\xe2\x80\x99t just s\xe2\x80\xa6'"
1183548726972944384,2019-10-14 01:03:00,"b'RT @realDonaldTrump: \xe2\x80\x9cCongressman Adam Schiff, who when seeing the REAL Ukraine phone call Transcript decided he\xe2\x80\x99d better make up one of hi\xe2\x80\xa6'"
1183501568601133056,2019-10-13 21:55:37,b'RT @realDonaldTrump: CHINA HAS ALREADY BEGUN AGRICULTURAL PURCHASES FROM OUR GREAT PATRIOT FARMERS &amp; RANCHERS!'
1183501550913802243,2019-10-13 21:55:32,b'RT @realDonaldTrump: ....I agreed not to increase Tariffs from 25% to 30% on October 15th. They will remain at 25%. The relationship with C\xe2\x80\xa6'
1183501531854888971,2019-10-13 21:55:28,"b'RT @realDonaldTrump: My deal with China is that they will IMMEDIATELY start buying very large quantities of our Agricultural Product, not w\xe2\x80\xa6'"
